Algorisme,Dataset,Accuracy,Precision,F1-Score
Logistic Regression,df_3s,0.6831831831831832,0.6820513066876904,0.6743148509983578
Gaussian NB,df_3s,0.5230230230230231,0.533841192394062,0.5037424663504104
