Algorisme,Dataset,Accuracy,Precision,F1-Score
Logistic Regression,df_30s,0.595,0.6042456140350877,0.584200546622218
Gaussian NB,df_30s,0.5,0.559322342032495,0.4843201971995472
