Algorisme,Dataset,Accuracy,Precision,F1-Score
KNN,images,0.295,0.44350500345065563,0.2680825985891687
SVM,images,0.24,0.3749903905116585,0.2286527765629148
Decision Tree,images,0.29,0.3014805998954606,0.28649210918230544
Random Forest,images,0.53,0.5461867449071396,0.5311405425054014
Gradient Boosting,images,0.42,0.44052299308878257,0.4239379322496806
Logistic Regression,images,0.45,0.5003323365391037,0.4664747332282467
Gaussian NB,images,0.365,0.3776800386196703,0.34701074259126813
Bernoulli NB,images,0.315,0.3271593069093069,0.2940896122998709
Multinomial NB,images,0.295,0.42113450570544386,0.2894877240043958
