Algorisme,Dataset,Accuracy,Precision,F1-Score
Logistic Regression,df_3s,0.6831831831831832,0.6820513066876904,0.6743148509983578
Gaussian NB,df_3s,0.5230230230230231,0.533841192394062,0.5037424663504104
Bernoulli NB,df_3s,0.09109109109109109,0.1642719720223495,0.01785773640422644
