Algorisme,Dataset,Accuracy,Precision,F1-Score
Logistic Regression,df_3s,0.6831831831831832,0.6820513066876904,0.6743148509983578
