Algorisme,Dataset,Accuracy,Precision,F1-Score
Decision Tree,df_3s,0.6491491491491491,0.6503556108340874,0.6486114280032389
Random Forest,df_3s,0.8833833833833834,0.8840554861082486,0.8821933917102313
Gradient Boosting,df_3s,0.8358358358358359,0.8371510831884335,0.8354372821974227
Decision Tree,df_30s,0.585,0.581564311594203,0.576742346888082
Random Forest,df_30s,0.76,0.7686074337947738,0.7565613236103036
Gradient Boosting,df_30s,0.755,0.7598502964426878,0.7548464384747468
